{
    "camera_matrix": [
        [
            480.80892843757204,
            0.0,
            343.990361362491
        ],
        [
            0.0,
            616.6732747931168,
            273.34308780028704
        ],
        [
            0.0,
            0.0,
            1.0
        ]
    ],
    "dist_coeffs": [
        [
            -0.2779262683327966,
            0.07297507122327704,
            -0.0045745981245120205,
            0.0042052428481982864,
            0.09435269932461153
        ]
    ]
}