{
    "camera_matrix": [
        [
            480.37863060601654,
            0.0,
            341.8024039898889
        ],
        [
            0.0,
            611.9130703549278,
            272.1678010255854
        ],
        [
            0.0,
            0.0,
            1.0
        ]
    ],
    "dist_coeffs": [
        [
            -0.3132826422107931,
            0.13552304009615182,
            -0.004809868942926608,
            0.002558317870598093,
            0.036350838711158975
        ]
    ]
}