{
    "camera_matrix": [
        [
            476.60342699836144,
            0.0,
            334.548085283451
        ],
        [
            0.0,
            617.744725333292,
            254.4627066663854
        ],
        [
            0.0,
            0.0,
            1.0
        ]
    ],
    "dist_coeffs": [
        [
            -0.33775524282693276,
            0.2643939693961938,
            0.002974997773040236,
            0.002003149856123736,
            -0.08735563776586487
        ]
    ]
}