{
    "camera_matrix": [
        [
            473.2393813185446,
            0.0,
            304.53057328383875
        ],
        [
            0.0,
            611.0636964547626,
            249.37766988815477
        ],
        [
            0.0,
            0.0,
            1.0
        ]
    ],
    "dist_coeffs": [
        [
            -0.39884354066675315,
            0.49712419989778067,
            0.0004314515425624968,
            0.0012930463098845728,
            -0.3343273381989212
        ]
    ],
    "images": []
}