{
    "camera_matrix": [
        [
            645.6322167755607,
            0.0,
            355.96876157557716
        ],
        [
            0.0,
            530.9149481603433,
            198.4572769133578
        ],
        [
            0.0,
            0.0,
            1.0
        ]
    ],
    "dist_coeffs": [
        [
            -0.3672719284846061,
            0.6808979460352874,
            0.005258740398826823,
            -0.007448190406307324,
            -0.6768510709683764
        ]
    ]
}