{
    "camera_matrix": [
        [
            659.1655908151006,
            0.0,
            359.1881163786076
        ],
        [
            0.0,
            548.033799336437,
            200.8207041411307
        ],
        [
            0.0,
            0.0,
            1.0
        ]
    ],
    "dist_coeffs": [
        [
            -0.3820062519461051,
            0.7997748074995013,
            0.0026760226662696602,
            -0.009668534859590338,
            -0.8505610483134282
        ]
    ]
}