{
    "camera_matrix": [
        [
            1014.7667816991216,
            0.0,
            381.6379564955641
        ],
        [
            0.0,
            1039.8648716403875,
            213.4778941627778
        ],
        [
            0.0,
            0.0,
            1.0
        ]
    ],
    "dist_coeffs": [
        [
            -1.6275518347456912,
            11.022648952649616,
            0.029729429166399292,
            -0.004124693635552536,
            -27.524905071604255
        ]
    ]
}