{
    "camera_matrix": [
        [
            712.563761597317,
            0.0,
            274.12100492816995
        ],
        [
            0.0,
            18192.892672124257,
            225.58850900480346
        ],
        [
            0.0,
            0.0,
            1.0
        ]
    ],
    "dist_coeffs": [
        [
            0.5632438204642933,
            -9.655145951173196,
            -0.0008726766581263771,
            0.012699707148034024,
            23.093282031219307
        ]
    ],
    "images": []
}