{
    "camera_matrix": [
        [
            502.503166726748,
            0.0,
            343.83971516684363
        ],
        [
            0.0,
            639.6877919519936,
            301.95505367831754
        ],
        [
            0.0,
            0.0,
            1.0
        ]
    ],
    "dist_coeffs": [
        [
            -0.29425714593020547,
            0.2769281771683543,
            -0.02941186082672271,
            -0.00494772942251357,
            -0.17022904382893728
        ]
    ]
}