{
    "camera_matrix": [
        [
            506.2637221939843,
            0.0,
            343.23477359527953
        ],
        [
            0.0,
            648.4311894921534,
            296.7278859400295
        ],
        [
            0.0,
            0.0,
            1.0
        ]
    ],
    "dist_coeffs": [
        [
            -0.3145252958315151,
            0.34288297958881614,
            -0.028631817209901243,
            -0.006367969508623458,
            -0.2308034398369078
        ]
    ]
}