{
    "camera_matrix": [
        [
            500.52508893698507,
            0.0,
            343.9963218438574
        ],
        [
            0.0,
            637.2374186572738,
            294.45089800124487
        ],
        [
            0.0,
            0.0,
            1.0
        ]
    ],
    "dist_coeffs": [
        [
            -0.316698236888996,
            0.3326408520978621,
            -0.030587376520975183,
            -0.00632640538156432,
            -0.2228983913936333
        ]
    ]
}