{
    "camera_matrix": [
        [
            505.21641721908014,
            0.0,
            346.7680823797601
        ],
        [
            0.0,
            643.1619136840067,
            298.16994473776015
        ],
        [
            0.0,
            0.0,
            1.0
        ]
    ],
    "dist_coeffs": [
        [
            -0.30617302929615164,
            0.31763665849119316,
            -0.028761083739638926,
            -0.0052488711497642344,
            -0.1985678898117141
        ]
    ],
    "images": []
}