{
    "camera_matrix": [
        [
            452.32753991174087,
            0.0,
            290.1545194481169
        ],
        [
            0.0,
            571.7181156992953,
            253.17010535353268
        ],
        [
            0.0,
            0.0,
            1.0
        ]
    ],
    "dist_coeffs": [
        [
            -0.12021893466307434,
            -0.09357972229950726,
            -0.004355524653005034,
            -0.005495377851182255,
            0.15019892398453133
        ]
    ]
}