{
    "camera_matrix": [
        [
            449.69006428233126,
            0.0,
            289.7428078760722
        ],
        [
            0.0,
            569.0213260698966,
            252.16358475284707
        ],
        [
            0.0,
            0.0,
            1.0
        ]
    ],
    "dist_coeffs": [
        [
            -0.1227826821794731,
            -0.03818021242832072,
            -0.004407919905984015,
            -0.006862721316389474,
            0.0780961915488069
        ]
    ]
}