{
    "camera_matrix": [
        [
            445.50860373928873,
            0.0,
            282.16605508380337
        ],
        [
            0.0,
            566.6895017507687,
            254.61491026108968
        ],
        [
            0.0,
            0.0,
            1.0
        ]
    ],
    "dist_coeffs": [
        [
            -0.08279939753137702,
            -0.1901656048205243,
            -0.0038732634460885316,
            -0.0034319499856260505,
            0.21877380676877944
        ]
    ]
}