{
    "camera_matrix": [
        [
            448.1458560789279,
            0.0,
            303.73248424166496
        ],
        [
            0.0,
            567.9769622545166,
            254.20526880326773
        ],
        [
            0.0,
            0.0,
            1.0
        ]
    ],
    "dist_coeffs": [
        [
            -0.1822915484379123,
            0.1849110200514947,
            -0.0038673518295127243,
            0.0002707502407417973,
            -0.14627044287026023
        ]
    ],
    "images": []
}